Auditor #,Name,Title,Company,Company Type,Industry,Current Solution,Rating (0-100),Overall Assessment,Key Strengths,Key Weaknesses,Critical Issues Found,Value Proposition Score (0-10),Pricing Score (0-10),Feature Completeness (0-10),User Experience (0-10),Technical Quality (0-10),Would Replace Current Solution?,Primary Concern,Secondary Concern,Detailed Feedback
1,Sarah Chen,CMO,Stripe,Upstart,FinTech,HubSpot + Jasper,87,Strong platform with innovative approach,Autonomous agent concept is compelling; Brand DNA extraction is unique; Clean modern UI,Missing enterprise SSO; Limited API documentation; No white-label options,No SOC 2 certification visible; Pricing unclear for enterprise; Limited integration options,8,7,8,9,8,Yes - with reservations,Enterprise security requirements,Integration complexity,"The autonomous agent concept is genuinely innovative and addresses a real pain point. However, as a fintech company, we need stronger security certifications and clearer enterprise pricing. The brand DNA extraction is compelling but I'd need to see it work with our complex compliance requirements."
2,Michael Rodriguez,CTO,Salesforce,Fortune 500,Enterprise Software,Salesforce Marketing Cloud,52,Underwhelming for enterprise needs,Modern UI design; Free trial approach,Severely lacking enterprise features; No Salesforce integration; Unclear scalability,No enterprise SSO; No data residency options; Missing compliance certifications,4,5,4,7,6,No,Enterprise feature gaps,Scalability concerns,"This feels like a startup product, not an enterprise solution. We need SSO, data residency controls, and deep Salesforce integration. The platform shows promise but is years away from being enterprise-ready."
3,Emily Watson,CMO,Notion,Upstart,Productivity Software,Notion AI + Contentful,73,Good for mid-market, not enterprise,Content quality appears strong; Pricing is reasonable; Easy onboarding,Missing advanced analytics; Limited workflow automation; No version control,No content approval workflows; Missing analytics dashboards; Limited team collaboration features,7,8,6,8,7,Maybe - for specific use cases,Analytics depth,Workflow automation,"The content quality and brand voice consistency features are interesting. However, we need deeper analytics and better workflow automation. This could work for our blog content but not for our full content operations."
4,David Kim,CMO,Shopify,Upstart,E-commerce,Shopify Plus + Contentful,68,Decent but missing key features,Good pricing structure; Modern interface; Brand voice focus,Missing e-commerce specific features; No product content generation; Limited template library,No product description automation; Missing A/B testing; No conversion tracking integration,6,7,6,7,7,No,Missing e-commerce features,Template limitations,"As an e-commerce platform, we need product content generation, A/B testing, and conversion tracking. This platform is too generic. The brand voice feature is nice but doesn't solve our core content needs."
5,Jennifer Martinez,CMO,Microsoft,Fortune 500,Technology,Microsoft 365 + Copilot,45,Not ready for Microsoft scale,Clean design; Free trial,Completely missing Microsoft ecosystem integration; No Azure compatibility; Unclear enterprise support,No Microsoft 365 integration; No Azure deployment option; Missing enterprise support tiers,3,4,3,6,5,No,Microsoft ecosystem integration,Enterprise support,"We're deeply integrated with Microsoft 365 and Azure. This platform offers no integration with our ecosystem. The free trial is nice but we need enterprise-grade support and Azure deployment options."
6,Robert Thompson,CTO,Oracle,Fortune 500,Enterprise Software,Oracle Eloqua + Content Marketing,42,Insufficient for enterprise,Modern UI,Severely lacking enterprise capabilities; No Oracle integration; Missing security certifications,No enterprise SSO; No data governance; Missing compliance frameworks,3,4,3,5,4,No,Enterprise security,Integration requirements,"This platform lacks the enterprise-grade security, compliance, and integration capabilities we require. Oracle customers need SSO, data governance, and compliance certifications that simply aren't present here."
7,Amanda Foster,CMO,Airbnb,Upstart,Travel & Hospitality,Airbnb Content Studio + Custom Tools,71,Good for content teams, not full operations,Strong brand voice features; Good content quality; Reasonable pricing,Missing localization features; No multi-language support; Limited template variety,No multi-language content generation; Missing localization workflows; Limited cultural adaptation,7,7,7,8,7,Maybe - for specific markets,Localization capabilities,Template variety,"The brand voice consistency is impressive, but we operate in 220+ countries. We need multi-language content generation and cultural adaptation features that simply don't exist. Good for English content, insufficient for global operations."
8,James Wilson,CTO,IBM,Fortune 500,Technology,IBM Watson Content Hub,48,Not enterprise-ready,Clean interface,Missing enterprise features; No IBM Cloud integration; Unclear scalability,No IBM Cloud integration; Missing enterprise security; No hybrid deployment options,4,5,4,6,5,No,Enterprise integration,Scalability concerns,"IBM requires deep cloud integration, enterprise security, and hybrid deployment options. This platform appears to be cloud-only and lacks the enterprise capabilities we need for our global operations."
9,Lisa Anderson,CMO,Netflix,Fortune 500,Entertainment,Netflix Content Studio + Custom AI,65,Interesting but limited,Autonomous agent concept; Brand voice extraction,Missing video content features; No script generation; Limited creative tools,No video script generation; Missing creative asset management; Limited multimedia support,6,6,5,7,6,No,Video content features,Creative tools,"We're primarily a video content company. This platform focuses on written content and lacks video script generation, creative asset management, and multimedia content features we need."
10,Christopher Lee,CMO,Spotify,Upstart,Music & Audio,Spotify Creator Studio + Custom Tools,69,Good for blog content, not core operations,Content quality; Brand consistency; Modern UI,Missing audio content features; No podcast script generation; Limited multimedia,No podcast content generation; Missing audio script features; Limited multimedia support,7,7,6,8,7,Maybe - for marketing blog,Audio content features,Multimedia limitations,"The platform is solid for blog and written content, but we need podcast script generation and audio content features. This could work for our marketing blog but not for our core content operations."
11,Maria Garcia,CTO,Adobe,Fortune 500,Creative Software,Adobe Experience Manager + Firefly,56,Missing creative integration,Modern design; Free trial,No Adobe Creative Cloud integration; Missing creative asset workflows; Limited design tools,No Creative Cloud integration; Missing asset management; No design tool integration,5,6,5,7,6,No,Creative ecosystem integration,Asset management,"Adobe customers expect Creative Cloud integration and creative asset management. This platform operates in isolation from our creative tools, making it impractical for our workflows."
12,Daniel Brown,CMO,Slack,Upstart,Communication,Slack + Custom Content Tools,74,Good fit for our needs,Strong brand voice; Good content quality; Reasonable pricing,Missing Slack integration; Limited collaboration features; No real-time editing,No Slack integration; Missing real-time collaboration; Limited team features,7,8,7,8,7,Yes - with Slack integration,Slack integration,Collaboration features,"The brand voice consistency and content quality are strong. However, we need deep Slack integration for our team workflows. If they add Slack integration, this could be a great fit for our content operations."
13,Rachel Green,CMO,Amazon,Fortune 500,E-commerce,Amazon Marketing Services + Custom,51,Insufficient for Amazon scale,Modern UI; Free trial,Completely missing Amazon ecosystem integration; No AWS integration; Unclear enterprise capabilities,No AWS integration; Missing Amazon marketplace features; No enterprise scale,4,5,4,6,5,No,Amazon ecosystem integration,Scale requirements,"Amazon operates at a scale and complexity this platform cannot handle. We need AWS integration, marketplace-specific features, and enterprise-scale capabilities that simply don't exist here."
14,Thomas White,CTO,Google,Fortune 500,Technology,Google Marketing Platform + Bard,59,Interesting but redundant,Autonomous agent concept,We already have similar AI capabilities; Missing Google Workspace integration; No Google Cloud integration,No Google Workspace integration; Missing Google Cloud deployment; Redundant with existing tools,5,6,6,7,6,No,Redundancy with existing tools,Integration requirements,"Google already has AI content capabilities through Bard and our marketing platform. This platform doesn't offer enough differentiation, and the lack of Google Workspace integration makes it impractical."
15,Olivia Davis,CMO,Canva,Upstart,Design Software,Canva + Custom Content Tools,72,Good complementary tool,Strong brand voice features; Good content quality,Missing Canva integration; No design asset sync; Limited visual content,No Canva integration; Missing design asset workflows; Limited visual content features,7,7,7,8,7,Maybe - with Canva integration,Canva integration,Visual content features,"The brand voice consistency is impressive, but we need Canva integration for our design workflows. Without design asset sync and visual content features, this is only partially useful for our operations."
16,William Johnson,CTO,Meta,Fortune 500,Social Media,Meta Business Suite + Custom AI,63,Missing social media focus,Modern interface; Free trial,Completely missing social media platform integration; No Facebook/Instagram features; Limited social content,No social platform integration; Missing social content features; Limited social media tools,6,6,5,7,6,No,Social media integration,Platform-specific features,"Meta operates social media platforms, and this tool offers no integration with our own platforms. We need social content generation, scheduling, and platform-specific features that don't exist here."
17,Sophia Martinez,CMO,LinkedIn,Upstart,Professional Network,LinkedIn Marketing Solutions + Custom,70,Good for B2B content,Strong B2B content focus; Good brand voice; Reasonable pricing,Missing LinkedIn integration; Limited professional network features; No thought leadership tools,No LinkedIn integration; Missing professional network features; Limited thought leadership,7,7,7,8,7,Maybe - for blog content,LinkedIn integration,Thought leadership features,"The B2B content focus and brand voice consistency are strong. However, we need LinkedIn integration and thought leadership features. This could work for our blog but not for our full professional content strategy."
18,Benjamin Taylor,CTO,Tesla,Upstart,Automotive,Tesla Content Studio + Custom Tools,58,Not aligned with our needs,Modern design,Missing automotive industry features; No product content generation; Limited technical content,No automotive content templates; Missing product content features; Limited technical writing,5,6,5,7,6,No,Industry-specific features,Product content,"We need automotive-specific content, product descriptions, and technical writing capabilities. This platform is too generic and doesn't address our industry-specific content needs."
19,Isabella Moore,CMO,Uber,Upstart,Transportation,Uber Content Studio + Custom,66,Decent but limited,Good content quality; Modern UI; Reasonable pricing,Missing localization features; No multi-market content; Limited template variety,No multi-market localization; Missing regional content features; Limited cultural adaptation,6,7,6,7,7,No,Localization capabilities,Multi-market features,"We operate in 70+ countries and need multi-market localization and cultural adaptation. The platform is good for single-market content but insufficient for our global operations."
20,Alexander Clark,CTO,Intel,Fortune 500,Technology,Intel Marketing Platform + Custom AI,54,Missing enterprise capabilities,Clean interface,Severely lacking enterprise features; No Intel ecosystem integration; Missing security certifications,No enterprise SSO; Missing security certifications; No Intel integration,4,5,4,6,5,No,Enterprise security,Integration requirements,"Intel requires enterprise-grade security, SSO, and ecosystem integration. This platform lacks the enterprise capabilities and security certifications we need for our operations."
21,Emma Wilson,CMO,Pinterest,Upstart,Social Media,Pinterest Creator Studio + Custom,71,Good for visual content planning,Strong brand voice; Good content ideas; Modern UI,Missing Pinterest integration; Limited visual content features; No pin optimization,No Pinterest integration; Missing visual content optimization; Limited pin-specific features,7,7,7,8,7,Maybe - for blog content,Pinterest integration,Visual content features,"The brand voice and content ideas are strong, but we need Pinterest integration and visual content optimization. This could work for our blog but not for our core pin content strategy."
22,Nathan Harris,CTO,Cisco,Fortune 500,Networking,Cisco Marketing Cloud + Custom,49,Insufficient for enterprise,Modern design,Missing enterprise features; No Cisco integration; Unclear enterprise support,No enterprise SSO; Missing Cisco integration; No enterprise support tiers,4,5,4,6,5,No,Enterprise integration,Support requirements,"Cisco requires enterprise SSO, integration with our ecosystem, and enterprise support tiers. This platform lacks the enterprise capabilities we need for our global operations."
23,Victoria Lewis,CMO,Square,Upstart,FinTech,Square Marketing + Custom Tools,75,Good fit for SMB focus,Strong brand voice; Good content quality; Reasonable pricing; Easy onboarding,Missing Square integration; Limited payment industry features; No transaction-based content,7,8,7,8,7,Yes - with Square integration,Square integration,Industry-specific features,"The brand voice consistency and content quality are excellent. However, we need Square integration and payment industry-specific features. With those additions, this could be a great fit for our SMB customers."
24,Andrew Walker,CTO,VMware,Fortune 500,Enterprise Software,VMware Marketing Platform + Custom,53,Not enterprise-ready,Clean interface,Missing enterprise features; No VMware integration; Unclear scalability,No enterprise SSO; Missing VMware integration; No hybrid deployment,4,5,4,6,5,No,Enterprise integration,Scalability concerns,"VMware requires enterprise SSO, integration with our platform, and hybrid deployment options. This platform lacks the enterprise capabilities and integration we need."
25,Jessica Young,CMO,Twilio,Upstart,Communications,Twilio SendGrid + Custom Content,76,Strong potential,Excellent brand voice features; Good content quality; Modern UI; Reasonable pricing,Missing Twilio integration; Limited API documentation; No developer-focused features,No Twilio integration; Missing API documentation; Limited developer tools,8,8,7,8,8,Yes - with better API docs,API documentation,Developer tools,"The brand voice consistency and content quality are excellent. However, as a developer-focused company, we need better API documentation and developer tools. With those improvements, this could be a great fit."



