Auditor #,Name,Title,Company,Industry,Team Size,Current Content Solution,Rating (0-100),Overall Assessment,Key Strengths,Key Weaknesses,Critical Issues Found,Value Proposition Score (0-10),Pricing Score (0-10),Feature Completeness (0-10),User Experience (0-10),Technical Quality (0-10),Would Replace Current Solution?,Primary Concern,Secondary Concern,Detailed Feedback
1,Alex Rivera,Founder & CEO,TechFlow AI,AI/ML SaaS,8,Manual content creation + ChatGPT,82,Exactly what we need - solves our content bottleneck,Autonomous content generation; Brand voice consistency; Time-saving automation,Learning curve for team; Need more templates,Documentation could be clearer; Limited customization options initially,9,9,8,8,8,Yes - immediately,Need faster onboarding,More template variety,"We're a small team and content creation was eating up 40% of our time. This platform solves that completely. The brand voice consistency is exactly what we needed. We'd sign up today if onboarding was faster."
2,Sarah Kim,CMO,GreenSprout,AgTech,12,Outsourced freelancers + Canva,79,Game-changer for our content operations,Cost-effective vs freelancers; Consistent quality; Fast turnaround,Missing some industry-specific templates; Need better image integration,Image generation could be better; Need more AgTech examples,8,8,7,9,8,Yes - replacing freelancers,Industry-specific content,Image quality,"We were spending $5K/month on freelancers and still not getting consistent quality. This platform delivers better content at 1/10th the cost. The only issue is we need more AgTech-specific examples."
3,Marcus Johnson,Co-Founder,FitTrack Pro,Fitness Tech,6,DIY content + Instagram templates,88,Perfect fit for resource-constrained startups,Affordable pricing; Great for small teams; Excellent social media content,Need more fitness industry templates; Video content would help,Video script generation needed; More fitness-specific templates,9,10,8,9,9,Yes - perfect solution,Video content features,More fitness templates,"As a bootstrapped startup, we couldn't afford a content team. This platform gives us enterprise-quality content at startup prices. The social media content is especially good. We just need video scripts."
4,Priya Patel,Founder,MediConnect,Healthcare SaaS,15,Hired content writer part-time,75,Good solution but needs healthcare compliance features,Time-saving; Consistent quality; Good value,Missing healthcare compliance checks; Need HIPAA-aware content,No healthcare compliance validation; Need medical review workflow,7,8,7,8,7,Maybe - with compliance features,Healthcare compliance,Medical review process,"Content quality is great and saves us time, but we need healthcare compliance features. If they add HIPAA-aware content generation and medical review workflows, we'd be all in."
5,David Chen,CEO,CodeCraft Tools,Developer Tools,10,Developer-written blog posts,91,Best solution for technical content,Excellent technical writing; Code examples; Developer-focused,Need more programming language support; API docs integration,More language examples; Better API documentation integration,10,9,9,9,9,Yes - replacing manual process,More programming languages,API docs integration,"Our developers were writing blog posts but it wasn't scalable. This platform generates excellent technical content with code examples. It's exactly what developer tools companies need."
6,Lisa Martinez,Founder,LocalEats,Food Tech,7,Social media manager + Canva,73,Good for social but need more food content features,Great social media content; Affordable; Easy to use,Missing recipe content; Need food photography integration,Recipe generation needed; Food image integration,7,8,6,8,7,Maybe - for social content,Recipe content features,Food photography,"The social media content is excellent and affordable. But we need recipe content and food photography features. If those are added, this becomes our complete solution."
7,James Wilson,Co-Founder,EduTech Solutions,EdTech,9,Teacher-written content,84,Excellent for educational content,Educational content quality; Step-by-step guides; Student-focused,Need more age-specific content; Assessment content would help,Age-appropriate content filters; Quiz/assessment generation,8,8,8,9,8,Yes - scaling content,Age-specific content,Assessment tools,"We have teachers writing content but it's not scalable. This platform generates excellent educational content. We just need age-specific filters and assessment generation."
8,Maria Rodriguez,Founder,BeautyBox,Beauty/E-commerce,5,Influencer partnerships + UGC,68,Good but needs beauty industry focus,Social content quality; Affordable pricing,Missing beauty product descriptions; Need influencer collaboration tools,Product description automation; Influencer workflow tools,6,8,6,7,7,Maybe - for social content,Beauty product content,Influencer tools,"The social content is good but we need automated product descriptions and influencer collaboration tools. The pricing is right for startups though."
9,Tom Anderson,CEO,FinanceFlow,FinTech,11,Legal/compliance team reviews all content,71,Good content but compliance is critical,Content quality; Time-saving,Missing financial compliance checks; Need regulatory review workflow,No compliance validation; Regulatory review process needed,7,7,7,8,7,Maybe - with compliance,Financial compliance,Regulatory review,"Content quality is excellent but we need financial compliance checks built-in. If they add regulatory review workflows and compliance validation, we'd use it."
10,Emma Thompson,Founder,WellnessHub,Wellness,8,Wellness coach writes content,77,Great for wellness content,Wellness-focused content; Authentic voice; Affordable,Need more holistic health content; Meditation content would help,More holistic health topics; Meditation/wellness scripts,8,8,7,8,8,Yes - scaling content,More wellness topics,Meditation content,"Our wellness coach was writing all content but we're scaling. This platform generates authentic wellness content that matches our voice. We just need more holistic health topics."
11,Ryan Park,Co-Founder,GameDev Studio,Gaming,14,Community managers create content,86,Perfect for gaming content,Gaming content quality; Community-focused; Engaging,Need more game-specific templates; Video content for trailers,Game trailer scripts; More gaming templates,9,8,8,9,8,Yes - replacing manual process,Video trailer scripts,Gaming templates,"Community managers were creating content manually. This platform generates engaging gaming content that resonates with our community. Video trailer scripts would be the cherry on top."
12,Sophie Brown,Founder,FashionForward,Fashion E-commerce,6,Social media agency,72,Good for social but need fashion-specific features,Social content quality; Visual content support,Missing fashion product descriptions; Need trend analysis,Product description automation; Trend analysis features,7,7,6,8,7,Maybe - for social,Product descriptions,Trend analysis,"Social content is good but we need automated fashion product descriptions and trend analysis. The visual content support is helpful though."
13,Michael Lee,CEO,CloudSync Pro,Cloud Storage,13,Marketing team writes content,83,Excellent for B2B SaaS content,B2B content quality; Technical accuracy; Professional,Need more integration examples; API documentation,Integration content; API docs generation,8,8,8,9,8,Yes - scaling content,Integration content,API documentation,"Our marketing team was struggling to keep up with content. This platform generates excellent B2B SaaS content. We need more integration examples and API documentation features."
14,Amanda White,Founder,PetCare Plus,Pet Care,9,Veterinarian writes content,80,Great for pet care content,Pet care expertise; Educational content; Trustworthy,Need more pet-specific content types; Video content,More pet content types; Pet care video scripts,8,8,8,8,8,Yes - replacing manual process,More pet content types,Video content,"Our vet was writing all content but it's not scalable. This platform generates trustworthy pet care content. We need more content types and video scripts."
15,Chris Taylor,Co-Founder,RealEstate Pro,PropTech,10,Real estate agents create content,74,Good but needs real estate focus,Content quality; Professional tone,Missing property descriptions; Need market analysis content,Property description automation; Market analysis features,7,7,7,8,7,Maybe - with real estate features,Property descriptions,Market analysis,"Content quality is good but we need automated property descriptions and market analysis content. The professional tone works well for real estate."
16,Jessica Kim,Founder,TravelWise,Travel Tech,7,Travel bloggers write content,81,Excellent for travel content,Travel content quality; Engaging; Inspiring,Need more destination-specific content; Travel guides,Destination guides; More travel templates,8,8,8,9,8,Yes - scaling content,Destination guides,Travel templates,"Travel bloggers were creating content but it's expensive and slow. This platform generates engaging travel content. We need destination guides and more travel-specific templates."
17,Daniel Garcia,CEO,SecurityFirst,Cybersecurity,12,Security experts write content,78,Good for technical security content,Technical accuracy; Security-focused; Professional,Need more security compliance content; Threat analysis,Compliance content; Threat analysis features,8,7,8,8,8,Yes - scaling content,Security compliance,Threat analysis,"Security experts were writing content but it's expensive. This platform generates technically accurate security content. We need compliance content and threat analysis features."
18,Rachel Green,Founder,HomeDesign AI,Home Design,8,Interior designers create content,76,Good for design content,Design-focused content; Visual descriptions; Inspiring,Need more design style variations; Room-specific content,More design styles; Room-specific templates,7,8,7,8,7,Maybe - for blog content,Design style variety,Room-specific content,"Design content is good but we need more design style variations and room-specific content. The visual descriptions are helpful for our audience."
19,Kevin Park,Co-Founder,SportsTech,Sports Tech,11,Athletes create content,85,Perfect for sports content,Sports content quality; Engaging; Authentic,Need more sport-specific content; Video content,Sport-specific templates; Video scripts,9,8,8,9,8,Yes - replacing manual process,Sport-specific content,Video scripts,"Athletes were creating content but it's not scalable. This platform generates engaging sports content. We need sport-specific templates and video script generation."
20,Laura Martinez,Founder,MusicStream Pro,Music Tech,9,Musicians create content,79,Great for music industry content,Music-focused content; Artist-friendly; Engaging,Need more music industry templates; Playlist content,More music templates; Playlist descriptions,8,8,7,8,8,Yes - scaling content,Music industry templates,Playlist content,"Musicians were creating content but we're scaling fast. This platform generates music industry content that resonates. We need more music-specific templates and playlist content features."
