Keyword,Search Volume (Est),Competition,Estimated CPC,Traffic Potential,Opportunity Score,Blaze.ai Coverage,AIBC Advantage,Recommended Match Type,Expected CTR,Expected Conversion
AI content generator,12000,High,$2.50,High,Medium,High (Rank 1-3),Multi-modal content,Phrase,3-5%,2-4%
AI writing tool,15000,High,$3.00,High,Medium,High (Rank 2-5),Brand DNA extraction,Phrase,2-4%,1.5-3%
Brand voice AI,3200,Medium,$1.80,Medium,High,Medium (Rank 3-7),Automatic brand DNA extraction,Broad,4-6%,3-5%
Content automation platform,4800,Medium,$2.20,Medium,Medium,Medium (Rank 2-4),Autonomous agent,Phrase,3-5%,2-4%
Digital footprint scanner,150,Low,$0.50,Low,Very High,None (AIBC Unique),Unique feature - zero competition,Exact,8-12%,5-8%
Brand DNA extraction,280,Low,$0.80,Low,Very High,None (AIBC Unique),Unique feature - zero competition,Exact,6-10%,4-7%
Autonomous content agent,420,Low,$1.20,Low,High,Low (AIBC Unique),Unique feature - low competition,Broad,5-8%,3-6%
AI social media scheduler,2400,Low,$1.60,Medium,High,Medium (Rank 2-5),Brand voice consistency,Phrase,4-6%,3-5%
Content repurposing tool,1800,Low,$1.40,Low,Medium,Medium (Rank 1-3),Multi-modal repurposing,Phrase,4-6%,3-5%
AI marketing platform,8500,High,$2.80,High,Medium,High (Rank 1-3),Brand DNA + multi-modal,Phrase,2-4%,1.5-3%
AI content platform for startups,1200,Medium,$1.50,Medium,High,Low (Rank 5-10),Startup-friendly pricing,Phrase,4-6%,3-5%
Affordable AI content generation,2100,Medium,$1.60,Medium,High,Low (Rank 5-10),Better pricing than Blaze.ai,Phrase,3-5%,2-4%
AI content with SEO optimization,3800,Medium,$2.00,Medium,Medium,Medium (Rank 3-6),Built-in SEO + brand voice,Phrase,3-5%,2-4%
Multi-modal AI content,650,Low,$1.80,Low,High,Low (AIBC Advantage),Text/audio/video generation,Broad,5-7%,4-6%
AI video content generation,1900,Low,$2.20,Medium,High,Low (Blaze.ai doesn't offer),Video script generation,Phrase,4-6%,3-5%
AI podcast script generator,850,Low,$1.40,Low,High,Low (Blaze.ai doesn't offer),Podcast script generation,Phrase,5-7%,4-6%
Team content collaboration AI,1400,Medium,$1.80,Medium,Medium,Medium (Rank 3-7),Enterprise SSO + collaboration,Phrase,3-5%,2-4%
Enterprise AI content platform,2100,Medium,$2.50,Medium,High,Low (Rank 5-10),Enterprise SSO + SOC 2,Phrase,2-4%,1.5-3%
AI content that matches brand voice,580,Low,$1.00,Low,High,Low (Rank 5-10),Automatic brand DNA extraction,Phrase,5-7%,4-6%
Content generation from brand DNA,320,Low,$0.90,Low,Very High,None (AIBC Unique),Unique feature - zero competition,Exact,6-9%,5-7%
AI content platform with video,1200,Low,$1.40,Medium,High,Low (Blaze.ai doesn't offer),Video generation included,Phrase,4-6%,3-5%
Save time on content creation,1800,Low,$1.20,Medium,High,Low (Rank 5-10),Autonomous agent automation,Phrase,4-6%,3-5%
AI content cheaper than Blaze.ai,95,Very Low,$0.60,Very Low,High,None (Competitor keyword),Price advantage,Exact,7-10%,6-9%
Better than Blaze.ai,120,Very Low,$0.70,Very Low,Medium,None (Competitor keyword),Feature comparison,Exact,6-9%,5-8%
AI content with brand consistency,450,Low,$1.10,Low,High,Low (Rank 5-10),Automatic brand voice matching,Phrase,5-7%,4-6%
SOC 2 compliant AI content,380,Low,$1.60,Low,High,Low (Rank 5-10),Enterprise security,Phrase,3-5%,2-4%
AI content with SSO,180,Very Low,$1.40,Very Low,High,None (AIBC Advantage),Enterprise SSO included,Exact,4-6%,3-5%
AI content for developer tools,650,Low,$2.00,Low,Medium,Low (Rank 5-10),Technical content generation,Phrase,3-5%,2-4%
E-commerce content automation,1200,Medium,$1.80,Medium,Medium,Medium (Rank 3-7),Product content + A/B testing,Phrase,3-5%,2-4%
Healthcare AI content platform,420,Low,$2.20,Low,High,Low (Rank 5-10),Compliance-aware content,Phrase,2-4%,1.5-3%
AI content platform API,850,Low,$1.60,Low,Medium,Low (Rank 5-10),API access included,Phrase,3-5%,2-4%
